403	403
404	404
about	About
algebras-and-rings	Algebras and rings
assaf	Slide, forest, and lock polynomials
backStableSchubert	Back stable Schubert polynomials
booleanProductPolynomials	Boolean product polynomials
borderStripTableaux	Border strip tableaux and the Littlewood map
characterSymmetricFunctions	Character symmetric functions, the induced character basis and the induced trivial basis
chromaticEexpansion	Chromatic symmetric functions in the elementary basis
chromaticQuasisymmetric	Chromatic quasisymmetric functions
combinatorialObjects	Other combinatorial families
common-mistakes	Per Alexandersson Common mistakes when writing mathematics
coxeterGroups	Coxeter groups and types
crystals	Crystals
cspCatalan	Catalan cyclic sieving
cspMatch	Non-crossing cyclic sieving
cspMisc	Miscellaneous cyclic sieving
cspPath	Lattice path cyclic sieving
cspTableau	Tableaux cyclic sieving
cspWord	Word cyclic sieving
cycleIndexPolynomial	Cycle index polynomials and higher Lie characters
cyclic-sieving	The cyclic sieving phenomenon
cylindricSchur	Cylindric Schur polynomials
diagonalHarmonics	Diagonal harmonics
dictionary	Dictionary
dot-action	Dot action and Hessenberg varieties
ehrhart	Ehrhart theory
eulerian	Eulerian polynomials
eulerianSymmetric	Eulerian quasisymmetric functions
gammaPositivity	Gamma-positive polynomials
generalizedDemazureAtoms	Generalized Demazure atoms
gessel	Gessel quasisymmetric functions
goto	Redirecting…
grothendieck	Grothendieck polynomials
gtpatterns	Gelfand–Tsetlin patterns and polytopes
hallLittlewood	Hall–Littlewood polynomials
hivePolytopes	Hives and BZ-polytopes
hivert	Hivert polynomials
index	Symmetricfunctions.com
jack	Jack polynomials
jackF	Jack interpolation polynomials
jackShifted	Shifted Jack polynomials
k-theory	K-theory
key	Key polynomials and Demazure atoms
kohnert	Kohnert polynomials
koornwinder	Koornwinder polynomials
kostkaFoulkes	Kostka coefficients, Kostka–Foulkes polynomials and charge
kromaticSymmetric	Kromatic symmetric functions
kschur	Catalan and Katalan symmetric functions, and k-Schur polynomials
lagrangeInversion	Lagrange inversion
lah	Lah symmetric functions
lascoux	Lascoux polynomials
lattice-path-matroids	Lattice path matroids
latticeModel	Lattice models
lgv-lemma	Lindström–Gessel–Viennot lemma
littlewoodRichardson	Littlewood–Richardson coefficients
llt	LLT polynomials
loopSchur	Loop Schur polynomials
lorentzianPolynomials	Lorentzian polynomials
macdonaldE	Macdonald E polynomials
macdonaldEperm	Permuted basement Macdonald E polynomials
macdonaldH	Modified Macdonald polynomials
macdonaldP	Macdonald P polynomials
macdonaldPinterpolation	Interpolation Macdonald P polynomials
matroids	Matroids
murnaghanNakayama	Murnaghan–Nakayama rule
my-equations	Equations from my research
ncSchur	Symmetric functions in noncommuting variables
newtonPolytopes	Newton polytopes and M-convexity
nonCommutativeFunctions	Noncommutative symmetric functions
nonCommutativeShifted	Non-commutative shifted symmetric functions
np-complete-games	NP-complete puzzle games
oddSchur	Odd Schur functions
oeisA152947	Unit interval cographs and OEIS A152947
oeisA189912	A proof for OEIS A189912
oeisA358628	Column formulas for OEIS A358628
oeisProofs	OEIS proofs
pGrothendieck	P-Grothendieck polynomials
pPartitions	P-partitions
parking-functions	Parking functions
parkingFunctionSymmetric	Parking function symmetric functions
peakQuasisymmetric	Peak quasisymmetric functions
permutationFamilies	Families of permutations
permutationGeneralizations	Generalizations of permutations
permutationPatterns	Permutation patterns
permutations	Permutations
petrie	Petrie symmetric functions
planePartitions	Plane partitions
plethysm	Plethysm
polyaFrequency	Pólya frequency sequences and total positivity
polynomial-relations	Polynomial relation graph
polynomialList	Index and list of polynomials
polytopes	Polytopes
posets	Posets and linear extensions
positroids	Positroids
preliminaries	Partitions, permutations and tableaux
q-analogs	Q-analogs, q-Lucas theorem and q-Catalan numbers
qsymSchur	Quasisymmetric Schur functions and variants
qtCatalan	qt-Catalan numbers
realRooted	Real-rooted and stable polynomials
realRootedCatalan	Real-rooted polynomials: Catalan families
realRootedGraphs	Real-rooted polynomials: graphs and combinatorics
realRootedInterlacing	Interlacing polynomials
realRootedTableaux	Real-rooted polynomials: tableaux and polytopes
realRootedWords	Real-rooted polynomials: permutations, set partitions and Stirling permutations
representationTheory	Representation theory
researchStories	Research stories
resources	Resources
restrictedSchurFunctions	Restricted Schur polynomials
riggedConfigurations	Rigged configurations
root-systems	Root systems
rowmotionPromotion	Rowmotion and promotion
rsk	RSK, the Robinson–Schensted–Knuth correspondence
schubert	Schubert polynomials
schubert-calculus	Schubert calculus
schubertVariations	Schubert polynomial variations
schur	Schur polynomials
schurFlagged	Schur polynomials (flagged)
schurKP	K-theoretic Schur P/Q polynomials
schurMisc	Other Schur-type functions
schurPositivity	Schur positivity
schurRibbon	Ribbon Schur polynomials
schurSS	Schur-S polynomials
schurShifted	Shifted Schur polynomials
schurZeta	Schur multiple zeta functions
search	Search
specht-modules	Specht modules
stablePolynomials	Stable polynomials
standardQuasiSymmetricFunctions	Quasisymmetric functions
standardSymmetricFunctions	Standard symmetric functions
stanleySymmetric	Stanley symmetric functions
superSymmetricSchur	Hook Schur polynomials
symmetricFunctionsSpace	Symmetric functions as a vector space
symplecticQ	Symplectic Q functions
tableauOperators	Operations on Young tableaux
thomPolynomials	Thom polynomials
todo-list	Todo
totalPositivity	Total positivity
touchardRiordan	Touchard–Riordan polynomials
transfer-matrix	Transfer matrix method
tutteSymmetric	Tutte symmetric functions
unicellular-llt	Unicellular LLT polynomials and twin manifolds
varieties	Varieties in algebraic combinatorics
various-research	Various problems
weightedBondSymmetric	Weighted-bond symmetric functions
weightedChromatic	Extended chromatic symmetric functions
whittaker	Whittaker functions
yang-baxter	The Yang–Baxter equations
zeroHecke	The 0-Hecke algebra
zonal	Zonal symmetric functions
